Email,url,Status,Reason
abc@gmail.com,https://www.langchain.com/langchain,rejected,"The website content does not mention digital marketing agency keywords such as 'services', 'web design', 'web development', 'SEO agency', 'ads agency', 'digital', 'marketing', 'agency', 'website creation', 'brands', 'web', 'design', 'Boosts creativity', 'Reduces costs'. The content appears to be focused on a different topic, likely related to artificial intelligence, machine learning, and data integration."
abc@gmail.com,https://www.langchain.com/langchain,rejected,"The website content does not mention services related to digital marketing, web design, web development, SEO agency, ads agency, or digital marketing agency. The content appears to be focused on LangChain, a platform for building large language models, and its various features and integrations."
abc@gmail.com,https://www.langchain.com/langchain,rejected,"The website content does not mention any keywords related to digital marketing agency services, such as Web Design, Web Development, SEO Agency, Ads Agency, Digital, Marketing, Agency, Website Creation, or brands. The content appears to be focused on a specific technology or platform, LangChain, and its features and integrations, rather than marketing services."
abc@gmail.com,https://www.langchain.com/langchain,rejected,"The website content does not mention any digital marketing-related keywords such as 'Services', 'Web Design', 'Web Development', 'SEO Agency', 'Ads Agency', 'Digital', 'Marketing', 'Agency', 'Website Creation', 'brands', 'web', 'design', or 'Boosts creativity', 'Reduces costs'. The content appears to be focused on LangChain, a platform for building LLM apps, and its integrations with various data sources."
abc@gmail.com,https://www.langchain.com/langchain,rejected,"The website content does not mention any keywords related to digital marketing agencies, such as 'Web Design', 'Web Development', 'SEO Agency', 'Ads Agency', 'Digital', 'Marketing', 'Agency', 'Website Creation', or 'Brands'. The content seems to be focused on LangChain, a platform for building LLM apps, and its integrations with various data sources and knowledge graphs."
abc@gmail.com,https://www.digitalsilk.com/,accepted,"The website content mentions services such as web design, branding, graphic design, marketing, SEO, and consulting services, which are typical of a digital marketing agency."
aswinshibu2024gcsj@gmail.com,https://www.digitalsilk.com/,accepted,"The website content mentions services such as Web Design, Web Development, SEO Agency, and Digital Marketing, which are typical of a digital marketing agency."
aswinshibu2024gcsj@gmail.com,https://www.digitalsilk.com/,accepted,"The website contains keywords such as 'Services', 'Web Design', 'Web Development', 'SEO Agency', 'Digital Marketing', 'Agency' and 'Website Creation', indicating that it belongs to a digital marketing agency."
aswinshibu2024gcsj@gmail.com,https://www.digitalsilk.com/,accepted,"Keywords such as 'Services', 'Web Design', 'Web Development', 'SEO Agency', 'Digital', 'Marketing', 'Agency', 'Website Creation', 'Brands', and 'web' are found in the website content, indicating that it is likely a digital marketing agency."
